chr_snp,snp_c,win,p_bar,q_bar,MAF,Env,BF
CE10_chr1_3436093,3436093,343,0.5876803751803752,0.4123196248196248,0.4123196248196248,3,15.15020333
CE10_chr1_3437991,3437991,343,0.8273268398268399,0.17267316017316017,0.17267316017316017,3,15.06869133
CE10_chr1_3438300,3438300,343,0.5962842712842713,0.4037157287157287,0.4037157287157287,3,14.8576728
CE10_chr1_3438331,3438331,343,0.8285533910533911,0.1714466089466089,0.1714466089466089,3,10.61614184
CE10_chr1_3439025,3439025,343,0.5975396825396826,0.4024603174603174,0.4024603174603174,3,13.62648423
CE10_chr1_3439906,3439906,343,0.5902492457037911,0.4097507542962089,0.4097507542962089,3,18.22429811
CE10_chr2_9465532,55441356,5545,0.7811157024793388,0.2188842975206612,0.2188842975206612,3,11.50839003
CE10_chr2_9466627,55442451,5545,0.6615446796002351,0.3384553203997649,0.3384553203997649,3,11.94068324
CE10_chr2_42519561,88495385,8850,0.7008527524484971,0.2991472475515029,0.2991472475515029,3,11.42035676
CE10_chr3_4175533,103608278,10362,0.8286330840876296,0.1713669159123704,0.1713669159123704,3,10.45667371
CE10_chr3_4176104,103608849,10362,0.8499772860883972,0.15002271391160282,0.15002271391160282,3,12.36592152
CE10_chr3_5816418,105249163,10526,0.7743743653465875,0.22562563465341243,0.22562563465341243,3,32.4952516
CE10_chr3_49436832,148869577,14888,0.8223734094188639,0.17762659058113606,0.17762659058113606,3,14.47382148
CE10_chr4_9881071,159161093,15919,0.800142258161126,0.19985774183887395,0.19985774183887395,3,19.50006827
CE10_chr4_9881471,159161493,15919,0.7146481044208317,0.2853518955791683,0.2853518955791683,3,15.1603303
CE10_chr4_9881497,159161519,15919,0.617463924963925,0.382536075036075,0.382536075036075,3,12.12973201
CE10_chr4_9881976,159161998,15919,0.7042837465564739,0.29571625344352614,0.29571625344352614,3,21.33775071
CE10_chr4_14590288,163870310,16390,0.705694177221955,0.29430582277804496,0.29430582277804496,3,14.02722805
CE10_chr4_14591969,163871991,16390,0.7373560338838117,0.26264396611618834,0.26264396611618834,3,14.12947805
CE10_chr4_14594434,163874456,16390,0.7284288628038628,0.27157113719613724,0.27157113719613724,3,11.73009224
CE10_chr4_14595270,163875292,16390,0.7095769382133018,0.2904230617866982,0.2904230617866982,3,17.50373039
CE10_chr4_14596013,163876035,16390,0.694038934316712,0.30596106568328796,0.30596106568328796,3,24.78439529
CE10_chr4_47524457,196804479,19683,0.8555942542306179,0.14440574576938214,0.14440574576938214,3,12.92100471
CE10_chr4_47524891,196804913,19683,0.3953673094582186,0.6046326905417814,0.3953673094582186,3,13.19177745
CE10_chr4_47525002,196805024,19683,0.30985340417158597,0.6901465958284141,0.30985340417158597,3,13.14093438
CE10_chr4_47525958,196805980,19683,0.7470789241622575,0.2529210758377425,0.2529210758377425,3,12.44532101
CE10_chr4_47526264,196806286,19683,0.7534136822773186,0.24658631772268136,0.24658631772268136,3,17.20897761
CE10_chr4_47526514,196806536,19683,0.7527922077922078,0.2472077922077922,0.2472077922077922,3,10.26159803
CE10_chr4_47526563,196806585,19683,0.765079365079365,0.23492063492063495,0.23492063492063495,3,35.04076657
CE10_chr4_47526634,196806656,19683,0.7759208972845336,0.2240791027154664,0.2240791027154664,3,14.31253157
CE10_chr4_47526697,196806719,19683,0.7140148235602781,0.2859851764397219,0.2859851764397219,3,27.91074167
CE10_chr4_47527780,196807802,19683,0.7686134067952249,0.23138659320477503,0.23138659320477503,3,16.6353511
CE10_chr4_47528316,196808338,19683,0.7790318772136954,0.22096812278630465,0.22096812278630465,3,42.1063397
CE10_chr4_47528382,196808404,19683,0.8250498491407582,0.17495015085924182,0.17495015085924182,3,21.34210566
CE10_chr4_47528921,196808943,19683,0.7750206611570248,0.22497933884297516,0.22497933884297516,3,11.09096343
CE10_chr4_47529299,196809321,19683,0.7816151777515414,0.21838482224845857,0.21838482224845857,3,22.27637148
CE10_chr4_47529890,196809912,19683,0.26006821461366914,0.7399317853863309,0.26006821461366914,3,13.48469133
CE10_chr4_47529914,196809936,19683,0.24889905548996455,0.7511009445100354,0.24889905548996455,3,10.74565082
CE10_chr4_47529949,196809971,19683,0.8045326643053916,0.1954673356946084,0.1954673356946084,3,22.69917004
CE10_chr5_83080,199032424,19907,0.48280368621277714,0.5171963137872229,0.48280368621277714,3,10.27756198
CE10_chr5_83495,199032839,19907,0.4613943669499225,0.5386056330500775,0.4613943669499225,3,11.69951425
CE10_chr5_43330852,242280196,24232,0.5453269710087892,0.4546730289912107,0.4546730289912107,3,11.2980518
CE10_chr5_43332201,242281545,24232,0.5373232323232323,0.4626767676767677,0.4626767676767677,3,10.15049956
CE10_chr5_43332256,242281600,24232,0.5593601600419782,0.4406398399580218,0.4406398399580218,3,15.74637145
CE10_chr5_43332291,242281635,24232,0.5480578512396694,0.45194214876033056,0.45194214876033056,3,20.29730104
CE10_chr5_43333658,242283002,24232,0.5524626131444313,0.44753738685556865,0.44753738685556865,3,12.32189959
CE10_chr5_43334139,242283483,24232,0.5906700118063755,0.40932998819362454,0.40932998819362454,3,16.26155248
CE10_chr5_43334658,242284002,24232,0.5556529581529581,0.4443470418470419,0.4443470418470419,3,21.74311501
CE10_chr5_43335525,242284869,24232,0.582181227863046,0.4178187721369539,0.4178187721369539,3,11.38454428
CE10_chr5_43337163,242286507,24232,0.5744073855437491,0.4255926144562509,0.4255926144562509,3,10.04624252
CE10_chr5_43337538,242286882,24232,0.10637064717253396,0.893629352827466,0.10637064717253396,3,12.01366113
CE10_chr6_7642955,258273557,25832,0.6148552322163433,0.3851447677836567,0.3851447677836567,3,34.95146108
CE10_chr6_7644775,258275377,25832,0.623551751279024,0.376448248720976,0.376448248720976,3,14.61478413
CE10_chr6_7647046,258277648,25832,0.940722049689441,0.05927795031055905,0.05927795031055905,3,27.25361304
CE10_chr6_7647449,258278051,25832,0.6472655122655123,0.3527344877344877,0.3527344877344877,3,14.07743979
CE10_chr6_7647994,258278596,25832,0.6413347763347763,0.3586652236652237,0.3586652236652237,3,12.5003721
CE10_chr6_7647997,258278599,25832,0.5937075298438935,0.4062924701561065,0.4062924701561065,3,24.05892425
CE10_chr6_52682981,303313583,30336,0.650349271940181,0.349650728059819,0.349650728059819,3,13.67834027
CE10_chr6_52686214,303316816,30336,0.6739925712147934,0.3260074287852066,0.3260074287852066,3,26.69317826
CE10_chr6_52686250,303316852,30336,0.6708770910159799,0.3291229089840201,0.3291229089840201,3,14.45266896
CE10_chr6_52686281,303316883,30336,0.7143265539491954,0.2856734460508046,0.2856734460508046,3,16.14679809
CE10_chr6_52686491,303317093,30336,0.6880440771349863,0.3119559228650137,0.3119559228650137,3,20.3963098
CE10_chr6_52686524,303317126,30336,0.7589564475928112,0.2410435524071888,0.2410435524071888,3,21.53660452
CE10_chr6_52686709,303317311,30336,0.6872861734225371,0.31271382657746294,0.31271382657746294,3,19.00945879
CE10_chr6_52687031,303317633,30336,0.6649235865144956,0.33507641348550443,0.33507641348550443,3,14.82167815
CE10_chr6_52687062,303317664,30336,0.6641046831955922,0.33589531680440776,0.33589531680440776,3,18.33311264
CE10_chr6_52687204,303317806,30336,0.6795631580353803,0.32043684196461975,0.32043684196461975,3,11.8262866
CE10_chr6_52687892,303318494,30336,0.6687764003673095,0.33122359963269055,0.33122359963269055,3,17.33523207
CE10_chr6_52688942,303319544,30336,0.6756739472648563,0.3243260527351437,0.3243260527351437,3,13.2830074
CE10_chr6_52689350,303319952,30336,0.7491230486685032,0.2508769513314968,0.2508769513314968,3,16.87757425
CE10_chr6_56880234,307510836,30756,0.7016300964830376,0.29836990351696235,0.29836990351696235,3,10.26851668
CE10_chr6_56880282,307510884,30756,0.7295510297783026,0.27044897022169745,0.27044897022169745,3,13.84860376
CE10_chr6_56881003,307511605,30756,0.5548183130001312,0.4451816869998688,0.4451816869998688,3,12.90659959
CE10_chr6_56881246,307511848,30756,0.7265656565656565,0.2734343434343435,0.2734343434343435,3,16.37957578
CE10_chr6_56882143,307512745,30756,0.554945620223398,0.445054379776602,0.445054379776602,3,11.39648928
CE10_chr6_56883413,307514015,30756,0.7372707595434869,0.26272924045651314,0.26272924045651314,3,25.22775821
CE10_chr6_56883446,307514048,30756,0.5466538764266037,0.4533461235733963,0.4533461235733963,3,11.05202297
CE10_chr7_37239373,349385071,34944,0.6352145796590241,0.36478542034097594,0.36478542034097594,3,12.76637946
CE10_chr8_18176200,376268904,37633,0.5885127246490883,0.4114872753509117,0.4114872753509117,3,10.25728653
CE10_chr8_18229212,376321916,37639,0.5835848747212383,0.4164151252787617,0.4164151252787617,3,13.32822108
CE10_chr8_18231055,376323759,37639,0.5836317722681359,0.4163682277318641,0.4163682277318641,3,12.01179257
CE10_chr8_18493489,376586193,37665,0.5404210758377425,0.45957892416225754,0.45957892416225754,3,14.49708861
CE10_chr8_18837165,376929869,37699,0.49433982683982686,0.5056601731601731,0.49433982683982686,3,10.54347635
CE10_chr8_18938069,377030773,37710,0.6023773448773448,0.3976226551226552,0.3976226551226552,3,10.87872787
CE10_chr8_18942814,377035518,37710,0.5919277187459006,0.40807228125409944,0.40807228125409944,3,15.02390479
CE10_chr8_18943342,377036046,37710,0.6110633450911228,0.3889366549088772,0.3889366549088772,3,12.11094397
CE10_chr8_18945288,377037992,37710,0.5924124360487997,0.4075875639512003,0.4075875639512003,3,11.61929651
CE10_chr8_18945324,377038028,37710,0.4971061261970353,0.5028938738029647,0.4971061261970353,3,12.79393207
CE10_chr8_18977703,377070407,37714,0.5190040010494555,0.48099599895054446,0.48099599895054446,3,14.28901042
CE10_chr8_18977850,377070554,37714,0.5561363636363637,0.4438636363636363,0.4438636363636363,3,13.17096119
CE10_chr8_37503329,395596033,39566,0.4001249265138154,0.5998750734861846,0.4001249265138154,3,10.15756372
CE10_chr8_47310324,405403028,40547,0.652950937950938,0.34704906204906205,0.34704906204906205,3,10.40533263
